{
    "EUR_USD": {
        "mean_reversion": {
            "Haz": 0.89162,
            "Coh": 0.21524,
            "Hold": 1853,
            "SL": 0.00453,
            "TP": 0.00435,
            "Trail": null,
            "Ent": 1.45866,
            "HazEx": null,
            "BE": 0.00237,
            "Reps": 1,
            "Stab": 0.0
        }
    },
    "USD_CAD": {
        "mean_reversion": {
            "Haz": 0.89538,
            "Coh": 0.02217,
            "Hold": 3996,
            "SL": 0.00624,
            "TP": 0.00555,
            "Trail": null,
            "Ent": 0.95428,
            "HazEx": null,
            "BE": 0.0023,
            "Reps": 1,
            "Stab": 0.0
        }
    },
    "GBP_USD": {
        "mean_reversion": {
            "Haz": 0.91874,
            "Coh": 0.17545,
            "Hold": 3716,
            "SL": 0.00283,
            "TP": 0.00779,
            "Trail": null,
            "Ent": 1.18471,
            "HazEx": null,
            "BE": 0.00244,
            "Reps": 1,
            "Stab": 0.0
        }
    },
    "NZD_USD": {
        "mean_reversion": {
            "Haz": 0.94613,
            "Coh": 0.1599,
            "Hold": 1308,
            "SL": 0.00555,
            "TP": 0.00902,
            "Trail": null,
            "Ent": 1.39806,
            "HazEx": null,
            "BE": 0.00171,
            "Reps": 1,
            "Stab": 0.0
        }
    },
    "USD_CHF": {
        "mean_reversion": {
            "Haz": 0.8316,
            "Coh": 0.14396,
            "Hold": 3100,
            "SL": 0.00797,
            "TP": 0.00822,
            "Trail": null,
            "Ent": 0.89327,
            "HazEx": null,
            "BE": 0.00211,
            "Reps": 1,
            "Stab": 0.0
        }
    },
    "AUD_USD": {
        "mean_reversion": {
            "Haz": 0.92947,
            "Coh": 0.19778,
            "Hold": 3721,
            "SL": 0.00649,
            "TP": 0.00833,
            "Trail": null,
            "Ent": 2.20557,
            "HazEx": null,
            "BE": 0.0023,
            "Reps": 1,
            "Stab": 0.0
        }
    },
    "USD_JPY": {
        "mean_reversion": {
            "Haz": 0.85678,
            "Coh": 0.18874,
            "Hold": 2748,
            "SL": 0.00539,
            "TP": 0.00379,
            "Trail": null,
            "Ent": 1.46476,
            "HazEx": null,
            "BE": 0.00186,
            "Reps": 1,
            "Stab": 0.0
        }
    }
}