{
    "EUR_USD": {
        "Haz": 0.917,
        "Reps": 1,
        "Coh": 0.264,
        "Hold": 120,
        "SL": 0.0017,
        "TP": 0.0121,
        "Trail": 0.0033,
        "HazEx": 0.08,
        "Stab": 0.0,
        "Ent": 1.2,
        "BE": 0.004,
        "trend_sniper": {
            "Haz": 0.8601,
            "Coh": 0.20592,
            "Hold": 3131,
            "SL": 0.00537,
            "TP": 0.00845,
            "Trail": 0.00485,
            "Ent": 1.22171,
            "HazEx": 0.08191,
            "BE": 0.00366,
            "Reps": 1,
            "Stab": 0.0
        },
        "mean_reversion": {
            "Haz": 0.9267,
            "Coh": 0.15869,
            "Hold": 1378,
            "SL": 0.0039,
            "TP": 0.00419,
            "Trail": null,
            "Ent": 3.26074,
            "HazEx": null,
            "BE": 0.0015,
            "Reps": 1,
            "Stab": 0.0
        }
    },
    "GBP_USD": {
        "Haz": 0.788,
        "Reps": 1,
        "Hold": 210,
        "SL": 0.0035,
        "TP": 0.0125,
        "Trail": 0.0041,
        "Coh": 0.12,
        "Stab": 0.0,
        "Ent": 1.7,
        "HazEx": null,
        "BE": 0.0028,
        "trend_sniper": {
            "Haz": 0.89368,
            "Coh": 0.19261,
            "Hold": 3329,
            "SL": 0.00526,
            "TP": 0.02128,
            "Trail": 0.00455,
            "Ent": 2.01877,
            "HazEx": 0.31674,
            "BE": 0.00385,
            "Reps": 1,
            "Stab": 0.0
        },
        "mean_reversion": {
            "Haz": 0.94093,
            "Coh": 0.07507,
            "Hold": 1011,
            "SL": 0.00153,
            "TP": 0.00257,
            "Trail": null,
            "Ent": 2.44635,
            "HazEx": null,
            "BE": 0.00088,
            "Reps": 1,
            "Stab": 0.0
        }
    },
    "NZD_USD": {
        "Haz": 0.894,
        "Reps": 1,
        "Coh": 0.356,
        "Hold": 120,
        "SL": 0.0023,
        "TP": 0.0077,
        "Trail": null,
        "HazEx": null,
        "Stab": 0.0,
        "Ent": 1.9,
        "BE": null,
        "mean_reversion": {
            "Haz": 0.88884,
            "Coh": 0.19012,
            "Hold": 881,
            "SL": 0.00384,
            "TP": 0.00415,
            "Trail": null,
            "Ent": 2.83997,
            "HazEx": null,
            "BE": 0.00217,
            "Reps": 1,
            "Stab": 0.0
        }
    },
    "AUD_USD": {
        "Haz": 0.852,
        "Reps": 1,
        "Coh": 0.322,
        "Hold": 150,
        "SL": 0.0046,
        "TP": 0.0089,
        "Trail": null,
        "HazEx": null,
        "Stab": 0.0,
        "Ent": 2.6,
        "BE": null,
        "mean_reversion": {
            "Haz": 0.85289,
            "Coh": 0.14114,
            "Hold": 246,
            "SL": 0.0036,
            "TP": 0.00485,
            "Trail": null,
            "Ent": 2.23012,
            "HazEx": null,
            "BE": 0.00213,
            "Reps": 1,
            "Stab": 0.0
        }
    },
    "USD_CHF": {
        "Haz": 0.938,
        "Reps": 1,
        "Coh": 0.277,
        "Hold": 150,
        "SL": 0.0019,
        "TP": 0.012,
        "Trail": null,
        "HazEx": 0.07,
        "Stab": 0.0,
        "Ent": 3.1,
        "BE": null,
        "trend_sniper": {
            "Haz": 0.85799,
            "Coh": 0.16695,
            "Hold": 3894,
            "SL": 0.00798,
            "TP": 0.02202,
            "Trail": 0.0045,
            "Ent": 2.11852,
            "HazEx": 0.28719,
            "BE": 0.0045,
            "Reps": 1,
            "Stab": 0.0
        },
        "mean_reversion": {
            "Haz": 0.89519,
            "Coh": 0.24037,
            "Hold": 1662,
            "SL": 0.00233,
            "TP": 0.00537,
            "Trail": null,
            "Ent": 2.16698,
            "HazEx": null,
            "BE": 0.0023,
            "Reps": 1,
            "Stab": 0.0
        }
    },
    "USD_CAD": {
        "Haz": 0.806,
        "Reps": 1,
        "Hold": 60,
        "SL": 0.0039,
        "TP": 0.0142,
        "Trail": null,
        "Coh": 0.26,
        "Stab": 0.0,
        "Ent": 2.4,
        "HazEx": null,
        "BE": 0.004,
        "trend_sniper": {
            "Haz": 0.87302,
            "Coh": 0.19388,
            "Hold": 3572,
            "SL": 0.00623,
            "TP": 0.01192,
            "Trail": 0.00495,
            "Ent": 1.26346,
            "HazEx": 0.27934,
            "BE": 0.00184,
            "Reps": 1,
            "Stab": 0.0
        },
        "mean_reversion": {
            "Haz": 0.86303,
            "Coh": 0.23473,
            "Hold": 1238,
            "SL": 0.00381,
            "TP": 0.00489,
            "Trail": null,
            "Ent": 3.31072,
            "HazEx": 0.22785,
            "BE": 0.00059,
            "Reps": 1,
            "Stab": 0.0
        }
    },
    "USD_JPY": {
        "Haz": 0.75,
        "Reps": 1,
        "Hold": 240,
        "SL": 0.0023,
        "TP": 0.0063,
        "Trail": null,
        "Coh": 0.45,
        "Stab": 0.0,
        "Ent": 3.2,
        "HazEx": null,
        "BE": 0.0032,
        "trend_sniper": {
            "Haz": 0.78818,
            "Coh": 0.09487,
            "Hold": 3020,
            "SL": 0.00318,
            "TP": 0.01818,
            "Trail": 0.00429,
            "Ent": 0.90439,
            "HazEx": 0.17502,
            "BE": 0.00382,
            "Reps": 1,
            "Stab": 0.0
        },
        "mean_reversion": {
            "Haz": 0.86421,
            "Coh": 0.24947,
            "Hold": 1134,
            "SL": 0.00152,
            "TP": 0.00486,
            "Trail": null,
            "Ent": 2.58312,
            "HazEx": null,
            "BE": 0.00198,
            "Reps": 1,
            "Stab": 0.0
        }
    }
}