{
  "AUD_USD": {
    "Haz": 0.90549,
    "Reps": 1,
    "Hold": 3833,
    "SL": 0.00626,
    "TP": 0.00902,
    "Trail": null,
    "HazEx": null,
    "Coh": 0.24736,
    "Ent": 1.09582,
    "Stab": 0.0,
    "BE": 0.00207
  },
  "EUR_USD": {
    "Haz": 0.92042,
    "Reps": 1,
    "Hold": 1838,
    "SL": 0.00285,
    "TP": 0.00701,
    "Trail": null,
    "HazEx": null,
    "Coh": 0.13097,
    "Ent": 1.0987,
    "Stab": 0.0,
    "BE": 0.00199
  },
  "GBP_USD": {
    "Haz": 0.81718,
    "Reps": 1,
    "Hold": 3599,
    "SL": 0.00701,
    "TP": 0.00421,
    "Trail": null,
    "HazEx": null,
    "Coh": 0.21075,
    "Ent": 0.92212,
    "Stab": 0.0,
    "BE": 0.00185
  },
  "NZD_USD": {
    "Haz": 0.92201,
    "Reps": 1,
    "Hold": 3918,
    "SL": 0.00396,
    "TP": 0.00257,
    "Trail": null,
    "HazEx": null,
    "Coh": 0.18223,
    "Ent": 2.15507,
    "Stab": 0.0,
    "BE": 0.0024
  },
  "USD_CAD": {
    "Haz": 0.7876,
    "Reps": 1,
    "Hold": 3945,
    "SL": 0.00774,
    "TP": 0.00937,
    "Trail": null,
    "HazEx": null,
    "Coh": 0.35418,
    "Ent": 2.07275,
    "Stab": 0.0,
    "BE": 0.0025
  },
  "USD_CHF": {
    "Haz": 0.87069,
    "Reps": 1,
    "Hold": 3389,
    "SL": 0.00613,
    "TP": 0.0079,
    "Trail": null,
    "HazEx": null,
    "Coh": 0.14143,
    "Ent": 1.87952,
    "Stab": 0.0,
    "BE": 0.00221
  },
  "USD_JPY": {
    "Haz": 0.77818,
    "Reps": 1,
    "Hold": 1846,
    "SL": 0.00526,
    "TP": 0.00334,
    "Trail": null,
    "HazEx": null,
    "Coh": 0.21795,
    "Ent": 1.71474,
    "Stab": 0.0,
    "BE": 0.0017
  }
}
