{
  "AUD_USD": {
    "Haz": 0.62042,
    "Reps": 1,
    "Hold": 3142,
    "SL": 0.00529,
    "TP": 0.0068,
    "Trail": null,
    "HazEx": null,
    "Coh": 0.11143,
    "Ent": 0.90558,
    "Stab": 0.0,
    "BE": 0.00227
  },
  "EUR_USD": {
    "Haz": 0.85214,
    "Reps": 1,
    "Hold": 641,
    "SL": 0.00326,
    "TP": 0.00776,
    "Trail": null,
    "HazEx": null,
    "Coh": 0.1727,
    "Ent": 1.5497,
    "Stab": 0.0,
    "BE": 0.00218
  },
  "GBP_USD": {
    "Haz": 0.76779,
    "Reps": 1,
    "Hold": 2774,
    "SL": 0.00315,
    "TP": 0.00198,
    "Trail": null,
    "HazEx": null,
    "Coh": 0.20281,
    "Ent": 2.02079,
    "Stab": 0.0,
    "BE": 0.00248
  },
  "NZD_USD": {
    "Haz": 0.9002,
    "Reps": 1,
    "Hold": 935,
    "SL": 0.00542,
    "TP": 0.0037,
    "Trail": null,
    "HazEx": null,
    "Coh": 0.17471,
    "Ent": 1.80582,
    "Stab": 0.0,
    "BE": 0.0025
  },
  "USD_CAD": {
    "Haz": 0.75,
    "Reps": 1,
    "Hold": 2340,
    "SL": 0.00494,
    "TP": 0.00574,
    "Trail": null,
    "HazEx": null,
    "Coh": 0.18355,
    "Ent": 0.82761,
    "Stab": 0.0,
    "BE": 0.00202
  },
  "USD_CHF": {
    "Haz": 0.93195,
    "Reps": 1,
    "Hold": 3753,
    "SL": 0.00584,
    "TP": 0.00296,
    "Trail": null,
    "HazEx": null,
    "Coh": 0.09963,
    "Ent": 1.98336,
    "Stab": 0.0,
    "BE": 0.00242
  },
  "USD_JPY": {
    "Haz": 0.79783,
    "Reps": 1,
    "Hold": 1439,
    "SL": 0.00453,
    "TP": 0.00249,
    "Trail": null,
    "HazEx": null,
    "Coh": 0.0661,
    "Ent": 2.22205,
    "Stab": 0.0,
    "BE": 0.00223
  }
}
