{
  "AUD_USD": {
    "Haz": 0.92947,
    "Reps": 1,
    "Hold": 3721,
    "SL": 0.00649,
    "TP": 0.00833,
    "Trail": null,
    "HazEx": null,
    "Coh": 0.19778,
    "Ent": 2.20557,
    "Stab": 0.0,
    "BE": 0.0023
  },
  "EUR_USD": {
    "Haz": 0.89162,
    "Reps": 1,
    "Hold": 1853,
    "SL": 0.00453,
    "TP": 0.00435,
    "Trail": null,
    "HazEx": null,
    "Coh": 0.21524,
    "Ent": 1.45866,
    "Stab": 0.0,
    "BE": 0.00237
  },
  "GBP_USD": {
    "Haz": 0.91874,
    "Reps": 1,
    "Hold": 3716,
    "SL": 0.00283,
    "TP": 0.00779,
    "Trail": null,
    "HazEx": null,
    "Coh": 0.17545,
    "Ent": 1.18471,
    "Stab": 0.0,
    "BE": 0.00244
  },
  "NZD_USD": {
    "Haz": 0.94613,
    "Reps": 1,
    "Hold": 1308,
    "SL": 0.00555,
    "TP": 0.00902,
    "Trail": null,
    "HazEx": null,
    "Coh": 0.1599,
    "Ent": 1.39806,
    "Stab": 0.0,
    "BE": 0.00171
  },
  "USD_CAD": {
    "Haz": 0.89538,
    "Reps": 1,
    "Hold": 3996,
    "SL": 0.00624,
    "TP": 0.00555,
    "Trail": null,
    "HazEx": null,
    "Coh": 0.02217,
    "Ent": 0.95428,
    "Stab": 0.0,
    "BE": 0.0023
  },
  "USD_CHF": {
    "Haz": 0.8316,
    "Reps": 1,
    "Hold": 3100,
    "SL": 0.00797,
    "TP": 0.00822,
    "Trail": null,
    "HazEx": null,
    "Coh": 0.14396,
    "Ent": 0.89327,
    "Stab": 0.0,
    "BE": 0.00211
  },
  "USD_JPY": {
    "Haz": 0.85678,
    "Reps": 1,
    "Hold": 2748,
    "SL": 0.00539,
    "TP": 0.00379,
    "Trail": null,
    "HazEx": null,
    "Coh": 0.18874,
    "Ent": 1.46476,
    "Stab": 0.0,
    "BE": 0.00186
  }
}
